Feature,Importance
transaction_hour,0.30222106940924104
suspicious_keyword_flag,0.21274535309310147
Is_International,0.19679775033000443
Merchant_Category_Health,0.019862516277358338
Merchant_Category_Utilities,0.018328439043757295
Merchant_Category_Food,0.018288870437524998
Merchant_Category_Entertainment,0.017701857899938875
Merchant_Category_Travel,0.017145680286059204
Merchant_Category_Electronics,0.016308360796220674
Merchant_Category_Grocery,0.015458370568851807
Location_Delhi,0.014452444374932415
transaction_dayofweek,0.01343923622147878
Transaction_Amount,0.013413020895936661
Location_Mumbai,0.011444064818475519
Previous_Transactions,0.011319295919025689
Payment_Method_Debit Card,0.010427956943924274
Average_Spend,0.009710444457007415
Device_Type_Desktop,0.00915717036812441
Device_Type_Mobile,0.008766712146420257
Payment_Method_NetBanking,0.007558017464794574
log_transaction_amount,0.007461281341047158
Device_Type_POS,0.007200228068830337
Account_Age_Days,0.0058013341425605675
amount_to_avg_ratio,0.005585049068922357
Payment_Method_UPI,0.005272417099502993
Merchant_Category_Fashion,0.004846522566921091
Payment_Method_PayPal,0.004083681883241131
Location_Chennai,0.0037155311142931676
amount_deviation,0.0029256704977974925
Location_Kolkata,0.0026079895275414005
account_age_years,0.0017530400280109004
Payment_Method_Credit Card,0.0016450815512125748
Location_Pune,0.0010903906013919515
is_weekend,0.000848245174843984
Location_Hyderabad,0.0006169055817047157
Location_Bengaluru,0.0
is_new_account,0.0
